ray1,ray2,ray3,ray4,ray5,kartx,karty,kartz,time,action
-1,6.521032,6.489736,4.611081,4.58892,15.98892,0.2662002,3.105134,0.1142324,NONE
-1,6.520944,6.489819,4.611094,4.588907,15.98892,0.2733809,3.105032,0.2126654,NONE
-1,6.52093,6.489832,4.611088,4.588913,15.98892,0.2752641,3.105014,0.3068106,ACCELERATE
-1,6.520921,6.48984,4.611082,4.588919,15.98893,0.275674,3.10501,0.4001123,ACCELERATE
-1,6.520915,6.48985,4.611075,4.588926,15.98893,0.2757421,3.10501,0.5047538,ACCELERATE
-1,6.52091,6.489855,4.611072,4.58893,15.98894,0.2757453,3.10501,0.6030732,ACCELERATE
-1,6.520902,6.489863,4.611066,4.588935,15.98894,0.2757441,3.10501,0.7068615,ACCELERATE
-1,6.520892,6.48987,4.611061,4.58894,15.98895,0.2757435,3.10501,0.8043258,ACCELERATE
-1,6.520888,6.489878,4.611056,4.588945,15.98895,0.2757431,3.10501,0.9072248,ACCELERATE
-1,6.520878,6.489883,4.611052,4.58895,15.98896,0.2757432,3.10501,1.008318,NONE
-1,6.520881,6.489883,4.61105,4.588952,15.98896,0.2757433,3.10501,1.100071,NONE
-1,6.520879,6.489884,4.611051,4.588951,15.98896,0.2757432,3.10501,1.206947,NONE
-1,6.520879,6.489884,4.611051,4.588951,15.98896,0.2757431,3.10501,1.304621,NONE
-1,6.520879,6.489884,4.611051,4.588951,15.98896,0.2757431,3.10501,1.403874,NONE
-1,6.520879,6.489884,4.611051,4.588951,15.98896,0.2757432,3.10501,1.504142,NONE
-1,6.520879,6.489884,4.611051,4.588951,15.98896,0.2757433,3.10501,1.609946,NONE
-1,6.520881,6.489884,4.611051,4.588951,15.98896,0.2757434,3.10501,1.706116,NONE
-1,6.520879,6.489884,4.611051,4.588951,15.98896,0.2757431,3.10501,1.803663,NONE
-1,6.52088,6.489885,4.611051,4.588951,15.98896,0.2757431,3.10501,1.903588,NONE
-1,6.52088,6.489885,4.611051,4.588951,15.98896,0.2757435,3.10501,2.002905,NONE
-1,6.520881,6.489884,4.611051,4.588951,15.98896,0.2757433,3.10501,2.104542,LEFT_ACCELERATE
-1,6.520881,6.489884,4.611051,4.588951,15.98896,0.2757431,3.10501,2.203176,NONE
-1,6.520881,6.489884,4.611051,4.588951,15.98896,0.2757434,3.10501,2.304764,NONE
-1,6.520879,6.489884,4.611051,4.588951,15.98896,0.2757431,3.10501,2.403285,NONE
-1,6.520879,6.489884,4.611051,4.588951,15.98896,0.2757432,3.10501,2.502602,NONE
-1,6.520881,6.489884,4.611051,4.588951,15.98896,0.275743,3.10501,2.602379,NONE
-1,6.52088,6.489885,4.611051,4.588951,15.98896,0.2757432,3.10501,2.701416,NONE
-1,6.520879,6.489884,4.611051,4.588951,15.98896,0.2757431,3.10501,2.801616,NONE
-1,6.520881,6.489884,4.611051,4.588951,15.98896,0.2757432,3.10501,2.902705,NONE
-1,6.52088,6.489885,4.611051,4.588951,15.98896,0.2757435,3.10501,3.004686,NONE
-1,6.520881,6.489884,4.611051,4.588951,15.98896,0.2757432,3.10501,3.102005,NONE
-1,6.52088,6.489885,4.611051,4.588951,15.98896,0.2757435,3.10501,3.204989,NONE
-1,6.520882,6.489884,4.611051,4.588951,15.98896,0.2757385,3.112115,3.301546,ACCELERATE
-1,6.520936,6.489831,4.611044,4.588957,15.98897,0.2757107,3.244333,3.406425,ACCELERATE
-1,6.520998,6.489764,4.611035,4.588966,15.98898,0.2757002,3.50647,3.503486,ACCELERATE
-1,6.52108,6.489689,4.611031,4.588971,15.98898,0.2756961,3.910638,3.603473,ACCELERATE
-1,6.521185,6.489584,4.611041,4.58896,15.98896,0.2776127,4.422077,3.701132,ACCELERATE
-1,6.521518,6.489245,4.611104,4.588897,15.98889,0.2802695,5.080729,3.804223,ACCELERATE
-1,6.521636,6.489134,4.611176,4.588826,15.98882,0.2786517,5.813211,3.901216,ACCELERATE
-1,6.521813,6.488953,4.611242,4.588759,15.98875,0.2794654,6.674127,4.001737,ACCELERATE
-1,6.522005,6.488762,4.611324,4.588677,15.98867,0.2790755,7.654347,4.104756,ACCELERATE
-1,6.522239,6.488528,4.611415,4.588586,15.98858,0.2792375,8.662401,4.202254,ACCELERATE
-1,6.522487,6.488285,4.611523,4.588479,15.98847,0.279126,9.766867,4.302024,ACCELERATE
-1,6.522788,6.487982,4.611656,4.588345,15.98834,0.2791765,10.97293,4.40482,ACCELERATE
-1,6.523101,6.487669,4.611805,4.588196,15.98819,0.2791534,12.19258,4.503872,ACCELERATE
-1,6.52347,6.487302,4.611985,4.588016,15.98801,0.2791645,13.48734,4.604877,ACCELERATE
-1,6.523848,6.486926,4.61218,4.587821,15.98781,0.2791578,14.78751,4.702942,ACCELERATE
-1,6.52429,6.48648,4.612414,4.587587,15.98757,0.2791605,16.20084,4.80651,ACCELERATE
-1,6.524749,6.486016,4.612664,4.587337,15.98733,0.2791582,17.55886,4.903652,ACCELERATE
-1,6.525249,6.485529,4.612937,4.587064,15.98705,0.2791594,18.97222,5.002742,ACCELERATE
-1,6.525799,6.484978,4.613249,4.586752,15.98673,0.2791581,20.44765,5.104399,ACCELERATE
-1,6.526372,6.484406,4.613575,4.586426,15.9864,0.2791587,21.90946,5.203646,ACCELERATE
-1,6.527016,6.483762,4.613951,4.586051,15.98602,0.2791584,23.45335,5.3074,ACCELERATE
-1,6.527655,6.483129,4.614328,4.585673,15.98565,0.2791601,24.89524,5.404202,ACCELERATE
-1,6.528352,6.482432,4.614742,4.585259,15.98524,0.2791596,26.38065,5.503926,ACCELERATE
-1,6.529074,6.481705,4.61518,4.584821,15.98479,0.2791601,27.90383,5.606184,ACCELERATE
-1,6.529824,6.480949,4.615636,4.584366,15.98434,0.2791601,29.34719,5.703083,ACCELERATE
-1,6.530626,6.480167,4.616122,4.58388,15.98386,0.2791601,30.83467,5.802945,ACCELERATE
19.97071,6.531415,6.479367,4.616611,4.583391,15.98334,0.2791599,32.29033,5.90067,LEFT_ACCELERATE
19.19473,6.704484,6.296936,4.645705,4.558549,15.95036,0.2791613,33.85714,6.005925,LEFT_ACCELERATE
18.73174,6.928637,6.054546,4.764788,4.456737,15.83899,0.2791604,35.29074,6.102493,LEFT_ACCELERATE
17.32385,6.829745,6.182676,4.888155,4.333893,15.71634,0.2791615,36.75665,6.201256,ACCELERATE
15.8796,6.627127,6.587733,4.965875,4.236098,15.59991,0.2791605,38.23363,6.300721,ACCELERATE
14.39451,6.331421,7.495621,4.967831,4.236764,15.48517,0.2791606,39.74947,6.402779,LEFT_ACCELERATE
13.48215,6.109095,8.607643,4.908433,4.308267,15.34133,0.2791606,41.21031,6.501373,LEFT_ACCELERATE
13.63212,6.151986,8.300222,4.87767,4.330612,15.04653,0.2791767,42.71328,6.604408,LEFT_ACCELERATE
14.63756,6.493507,7.059114,4.959489,4.243827,14.56307,0.2791958,44.08274,6.702224,LEFT_ACCELERATE
15.38085,6.871301,6.296236,5.148139,4.060788,13.88042,0.2791863,45.395,6.801775,LEFT_ACCELERATE
15.09736,6.965257,6.240688,5.335102,3.872181,13.09154,0.2791748,46.66992,6.902486,LEFT_ACCELERATE
14.75638,6.984167,6.348403,5.45583,3.742028,12.22408,0.2791688,47.94625,7.006171,LEFT_ACCELERATE
14.46521,6.972407,6.520571,5.557512,3.643601,11.33506,0.2791676,49.07579,7.102726,LEFT_ACCELERATE
13.62661,6.752231,7.678859,5.572888,3.647627,10.3901,0.2791649,50.21721,7.202229,LEFT_ACCELERATE
13.63637,6.699887,7.815525,5.54714,3.676491,9.333519,0.2791696,51.31928,7.304892,LEFT_ACCELERATE
13.36407,6.582855,8.55764,5.527864,3.719065,8.251619,0.2791702,52.27286,7.401776,LEFT_ACCELERATE
12.79027,6.336376,11.05966,5.435099,3.855053,7.072429,0.2791672,53.23221,7.503889,LEFT_ACCELERATE
12.53567,6.146039,11.95071,5.325856,3.99795,5.88453,0.2791691,54.06458,7.601336,LEFT_ACCELERATE
11.27787,5.694812,16.8588,5.147354,4.314709,4.615807,0.2791626,54.92281,7.704185,ACCELERATE
9.866615,5.146125,-1,4.866241,4.809291,3.407657,0.2791618,55.76642,7.803117,ACCELERATE
8.486691,4.532229,-1,4.465272,5.472382,2.175876,0.2791598,56.63928,7.904476,LEFT_ACCELERATE
7.73158,3.988986,-1,3.939556,6.047009,0.9417695,0.2791643,57.43459,8.003138,LEFT_ACCELERATE
7.920372,3.60613,17.83666,3.42776,6.360918,-0.3990221,0.2791857,58.0952,8.103738,LEFT_ACCELERATE
10.36923,3.463293,13.15964,3.049327,6.418047,-1.828197,0.2792105,58.52532,8.20435,LEFT_ACCELERATE
-1,3.649716,10.46347,2.917044,6.344567,-3.2987,0.2792085,58.68208,8.304085,LEFT_ACCELERATE
-1,4.128105,8.965219,2.967724,6.233572,-4.752376,0.2791902,58.6253,8.402031,LEFT_ACCELERATE
-1,4.698064,8.150144,3.148504,6.064052,-6.254775,0.2791778,58.44623,8.503684,LEFT_ACCELERATE
-1,5.035994,7.823174,3.333246,5.885595,-7.706381,0.2791655,58.26429,8.60193,ACCELERATE
-1,5.273881,7.614584,3.492587,5.725951,-9.22925,0.2791624,58.10757,8.704723,ACCELERATE
-1,5.462847,7.448584,3.619214,5.599089,-10.64998,0.2791608,57.98181,8.800483,ACCELERATE
-1,5.643003,7.289985,3.739577,5.478572,-12.15452,0.2791607,57.86219,8.901813,ACCELERATE
-1,5.811755,7.141246,3.852042,5.366016,-13.67616,0.2791603,57.75022,9.004246,ACCELERATE
-1,5.962941,7.007906,3.952604,5.265402,-15.10405,0.2791597,57.65046,9.100341,ACCELERATE
-1,6.116803,6.87215,4.054829,5.163145,-16.61355,0.2791602,57.5487,9.20191,ACCELERATE
-1,6.261434,6.744536,4.150833,5.067123,-18.10134,0.2791605,57.45089,9.302008,ACCELERATE
-1,6.399248,6.614217,4.248806,4.969141,-19.59206,0.2791597,57.35452,9.402296,ACCELERATE
19.39418,6.460536,6.547276,4.342924,4.875019,-21.06258,0.2791604,57.26052,9.50122,ACCELERATE
17.98318,6.444984,6.58878,4.442696,4.777837,-22.57436,0.2791602,57.16151,9.602934,LEFT_ACCELERATE
17.77995,6.683386,6.337401,4.60902,4.645843,-24.02323,0.2791632,57.00233,9.700881,LEFT_ACCELERATE
17.96942,7.05865,5.903789,4.866552,4.419624,-25.47153,0.2791688,56.70826,9.800207,LEFT_ACCELERATE
16.83089,7.051751,5.922328,5.085754,4.15265,-26.98501,0.279163,56.34749,9.904674,ACCELERATE
15.38688,6.821617,6.382064,5.180415,4.017378,-28.4421,0.2791615,56.01376,10.00503,ACCELERATE
14.08775,6.537819,7.344097,5.189449,4.01253,-29.86601,0.2791598,55.69097,10.10306,LEFT_ACCELERATE
13.65081,6.434585,7.91565,5.168965,4.044972,-31.31864,0.2791657,55.28207,10.20449,LEFT_ACCELERATE
13.88117,6.527245,7.526482,5.185583,4.012859,-32.69436,0.2791743,54.72169,10.30441,LEFT_ACCELERATE
13.34461,6.431573,8.444332,5.223031,3.996389,-33.99965,0.2791714,54.07158,10.40236,LEFT_ACCELERATE
12.04489,6.063298,-1,5.163169,4.120963,-35.33826,0.2791623,53.39743,10.503,LEFT_ACCELERATE
11.22252,5.714398,-1,4.996021,4.354871,-36.67278,0.2791634,52.68314,10.60468,LEFT_ACCELERATE
11.28504,5.588753,-1,4.818876,4.501869,-37.8872,0.2791803,51.86488,10.7032,LEFT_ACCELERATE
12.21679,5.700404,-1,4.719585,4.524735,-38.96953,0.2792066,50.86475,10.80251,LEFT_ACCELERATE
14.16219,6.135045,8.088381,4.780843,4.417199,-39.83508,0.2792171,49.69928,10.90045,LEFT_ACCELERATE
16.98413,6.791246,6.344405,5.023597,4.201525,-40.53249,0.2792082,48.24912,11.00909,LEFT_ACCELERATE
-1,7.410444,5.450416,5.363015,3.894886,-40.95603,0.2791917,46.92262,11.10287,LEFT_ACCELERATE
-1,7.714927,5.067101,5.653479,3.582163,-41.31096,0.2791765,45.48865,11.20211,LEFT_ACCELERATE
-1,7.711009,5.02602,5.842062,3.368638,-41.64686,0.2791666,44.06783,11.30015,LEFT_ACCELERATE
-1,7.991999,4.672781,6.014265,3.191091,-41.9136,0.2791671,42.53771,11.40457,LEFT_ACCELERATE
-1,8.255401,4.362609,6.208514,3.001118,-42.04154,0.2791692,41.06822,11.50367,LEFT_ACCELERATE
-1,8.202531,4.446892,6.309284,2.88935,-42.1469,0.2791652,39.6083,11.60195,ACCELERATE
-1,8.039103,4.654978,6.311373,2.903338,-42.27702,0.2791611,38.15031,11.70024,ACCELERATE
-1,7.841765,4.906738,6.219342,3.044535,-42.43079,0.2791611,36.631,11.80276,ACCELERATE
8.163378,5.810483,5.228186,6.048358,3.246123,-42.58412,0.3103335,35.16021,11.90248,ACCELERATE
10.80454,7.377229,5.516197,5.874575,3.408468,-42.76514,0.3031963,33.65024,12.00422,ACCELERATE
13.93053,7.274763,5.6368,5.705976,3.5504,-42.92761,0.2925695,32.19928,12.10257,LEFT_ACCELERATE
16.25107,7.593965,5.330995,5.604697,3.60465,-42.99595,0.2863059,30.70292,12.20319,LEFT_ACCELERATE
-1,7.806429,5.161705,5.613089,3.588313,-42.98489,0.2817632,29.23245,12.30189,ACCELERATE
-1,7.819024,5.14919,5.620708,3.580563,-42.97985,0.2797565,27.70967,12.4041,ACCELERATE
-1,7.810928,5.157021,5.616085,3.585218,-42.9852,0.2793233,26.23364,12.50319,ACCELERATE
-1,7.79355,5.174657,5.604347,3.596977,-42.99723,0.279192,24.75339,12.60257,ACCELERATE
-1,7.77001,5.198837,5.58783,3.613506,-43.01392,0.2791721,23.25613,12.7031,ACCELERATE
-1,7.74252,5.227174,5.568293,3.63305,-43.03356,0.2791615,21.76269,12.80337,ACCELERATE
-1,7.711977,5.258734,5.546449,3.654897,-43.05603,0.2791609,20.21328,12.9074,ACCELERATE
-1,7.68088,5.290908,5.524123,3.677225,-43.07813,0.2791599,18.77595,13.0039,ACCELERATE
-1,7.648175,5.324744,5.500606,3.700742,-43.10198,0.2791603,17.281,13.10428,ACCELERATE
-1,7.614219,5.35988,5.476161,3.725186,-43.1259,0.2791604,15.81644,13.20261,ACCELERATE
-1,7.5809,5.394382,5.45215,3.749195,-43.15013,0.2791598,14.35577,13.30069,ACCELERATE
-1,7.5455,5.431039,5.426629,3.774715,-43.17532,0.2791606,12.85295,13.4016,ACCELERATE
-1,7.510094,5.467698,5.401093,3.80025,-43.20087,0.2791593,11.33834,13.50329,ACCELERATE
-1,7.474744,5.504299,5.375602,3.825738,-43.22621,0.2791609,9.842503,13.60373,ACCELERATE
-1,7.440854,5.5394,5.351149,3.850189,-43.2508,0.2791608,8.394111,13.70098,ACCELERATE
-1,7.404897,5.576625,5.325211,3.876124,-43.27657,0.2791599,6.878532,13.80275,ACCELERATE
-1,7.3699,5.612864,5.29996,3.901373,-43.30207,0.2791604,5.379241,13.90342,ACCELERATE
-1,7.334295,5.649724,5.274274,3.927056,-43.32747,0.2791601,3.885542,14.00371,ACCELERATE
-1,7.299205,5.686051,5.248959,3.952369,-43.35304,0.2791603,2.382014,14.10467,ACCELERATE
-1,7.264241,5.722234,5.223734,3.977591,-43.37809,0.2791597,0.9085069,14.2036,ACCELERATE
-1,7.230348,5.757321,5.199281,4.002041,-43.40303,0.2791612,-0.5593702,14.30216,ACCELERATE
-1,7.194793,5.794119,5.173634,4.027687,-43.42819,0.2791593,-2.04185,14.4017,ACCELERATE
-1,7.159822,5.830317,5.148406,4.052912,-43.4535,0.2791604,-3.53376,14.50188,ACCELERATE
-1,7.123878,5.86752,5.122468,4.078846,-43.47939,0.2791601,-5.061592,14.60446,ACCELERATE
-1,7.088838,5.90378,5.097195,4.104118,-43.50469,0.2791605,-6.556,14.7048,ACCELERATE
-1,7.054135,5.939678,5.072162,4.129148,-43.52968,0.2791605,-8.033176,14.80399,ACCELERATE
-1,7.020548,5.974436,5.047934,4.153374,-43.55406,0.2791592,-9.475869,14.90086,ACCELERATE
-1,6.984217,6.012039,5.021722,4.179584,-43.58005,0.2791602,-11.01502,15.0042,ACCELERATE
-1,6.950582,6.046823,4.997463,4.20384,-43.60455,0.27916,-12.46698,15.10169,ACCELERATE
-1,6.916499,6.082085,4.972879,4.22842,-43.62933,0.2791607,-13.93733,15.20042,ACCELERATE
-1,6.881195,6.118611,4.947415,4.253882,-43.65465,0.2791606,-15.44079,15.30137,ACCELERATE
-1,6.84731,6.153642,4.922982,4.278314,-43.67954,0.2791604,-16.92082,15.40074,ACCELERATE
19.69208,6.808306,6.191918,4.896297,4.304996,-43.7055,0.2791599,-18.4656,15.50446,ACCELERATE
18.2008,6.717112,6.29918,4.871256,4.330034,-43.73034,0.2791595,-19.9453,15.60381,ACCELERATE
16.98322,6.608464,6.487933,4.852671,4.347532,-43.7469,0.2791601,-21.41179,15.70228,LEFT_ACCELERATE
15.88684,6.483166,6.787771,4.872297,4.328049,-43.72641,0.2791612,-22.86795,15.80006,ACCELERATE
14.40791,6.193533,7.687014,4.866756,4.345045,-43.70554,0.2791595,-24.37212,15.90105,ACCELERATE
12.95799,5.830788,10.07724,4.772804,4.468584,-43.68047,0.2791599,-25.95377,16.00725,LEFT_ACCELERATE
12.40458,5.646703,-1,4.657277,4.596558,-43.59145,0.2791609,-27.35274,16.10143,LEFT_ACCELERATE
11.66915,5.402582,-1,4.532267,4.753473,-43.40654,0.279164,-28.87538,16.20446,LEFT_ACCELERATE
10.66684,5.074401,-1,4.382648,4.966134,-43.18347,0.2791638,-30.2923,16.30076,LEFT_ACCELERATE
9.849032,4.739515,-1,4.166764,5.241748,-42.89041,0.2791631,-31.75803,16.40116,LEFT_ACCELERATE
9.382526,4.464318,-1,3.927902,5.497864,-42.50308,0.2791705,-33.18654,16.50065,LEFT_ACCELERATE
9.741978,4.382791,-1,3.725472,5.604498,-41.91845,0.279194,-34.59432,16.60329,LEFT_ACCELERATE
11.05957,4.599548,-1,3.670216,5.548974,-41.11475,0.2792139,-35.84788,16.7037,LEFT_ACCELERATE
12.79997,5.033444,10.72424,3.795789,5.401101,-40.11711,0.2792099,-36.9081,16.80191,LEFT_ACCELERATE
14.44204,5.558856,8.407415,4.052648,5.177109,-38.92705,0.2792027,-37.84273,16.90385,LEFT_ACCELERATE
17.12953,6.402431,6.717079,4.439815,4.881814,-37.6158,0.2792081,-38.57018,17.00491,LEFT_ACCELERATE
-1,7.257139,5.694869,4.906299,4.485339,-36.24924,0.2791961,-39.08937,17.10333,LEFT_ACCELERATE
-1,8.312466,4.734745,5.452092,4.052167,-34.83647,0.2792003,-39.42247,17.20107,LEFT_ACCELERATE
-1,9.404565,3.880841,6.090007,3.482876,-33.36646,0.2791906,-39.57916,17.30053,LEFT_ACCELERATE
-1,10.37169,3.109886,6.738433,2.834303,-31.82753,0.2791789,-39.61658,17.404,LEFT_ACCELERATE
-1,10.84424,2.533667,7.229839,2.241872,-30.36701,0.2791688,-39.58359,17.50211,LEFT_ACCELERATE
-1,10.8801,2.143697,7.563092,1.770372,-28.85925,0.2791645,-39.57117,17.60337,ACCELERATE
-1,10.85324,1.912823,7.779232,1.46905,-27.38235,0.2791612,-39.58834,17.70254,ACCELERATE
-1,10.80212,1.833799,7.893062,1.310237,-25.88366,0.2791615,-39.62405,17.80318,ACCELERATE
-1,10.73808,1.88068,7.920892,1.279939,-24.42252,0.2791604,-39.67006,17.90132,ACCELERATE
-1,10.6609,1.964159,7.884619,1.325083,-22.88557,0.2791592,-39.72613,18.00457,ACCELERATE
-1,10.5832,2.048714,7.827717,1.382017,-21.43467,0.2791598,-39.78377,18.10206,ACCELERATE
-1,10.49602,2.143937,7.763572,1.446183,-19.91969,0.2791589,-39.84718,18.20385,ACCELERATE
-1,10.41308,2.234701,7.702393,1.507372,-18.4744,0.2791603,-39.90972,18.30097,ACCELERATE
-1,10.32406,2.33224,7.636627,1.573143,-16.99701,0.2791592,-39.97502,18.40025,ACCELERATE
-1,10.22862,2.43689,7.566033,1.643736,-15.4375,0.2791601,-40.04496,18.50506,ACCELERATE
-1,10.13791,2.536386,7.498914,1.710851,-13.95439,0.2791595,-40.1121,18.60473,ACCELERATE
-1,10.05093,2.631848,7.434505,1.775261,-12.53069,0.2791594,-40.17693,18.7004,ACCELERATE
-1,9.954224,2.737982,7.362887,1.846873,-10.98265,0.2791593,-40.24771,18.80444,ACCELERATE
-1,9.831274,2.838493,7.295063,1.914693,-9.502165,0.2791595,-40.31557,18.90393,ACCELERATE
-1,9.645434,2.934945,7.229972,1.979779,-8.058763,0.2791594,-40.38184,19.00093,ACCELERATE
19.7895,9.374152,3.037074,7.161043,2.048702,-6.576874,0.2791594,-40.44994,19.10052,ACCELERATE
18.36382,9.059745,3.175005,7.092176,2.115422,-5.055999,0.2791594,-40.51593,19.20273,LEFT_ACCELERATE
17.83749,8.998763,3.179205,7.075504,2.12291,-3.571761,0.2791633,-40.51114,19.30247,LEFT_ACCELERATE
17.02699,8.848549,3.262628,7.107077,2.091468,-2.057723,0.2791636,-40.40814,19.40438,LEFT_ACCELERATE
15.70227,8.454976,3.713674,7.070778,2.161331,-0.6140026,0.2791614,-40.3018,19.50157,LEFT_ACCELERATE
14.89381,8.17413,4.226933,6.965963,2.286207,0.8732355,0.2791618,-40.13755,19.60207,LEFT_ACCELERATE
13.57712,7.693344,5.772853,6.829044,2.504427,2.378949,0.2791612,-39.92897,19.70413,LEFT_ACCELERATE
12.44497,7.192913,-1,6.59822,2.842824,3.868683,0.2791611,-39.70537,19.80529,LEFT_ACCELERATE
12.01528,6.873611,-1,6.284083,3.153271,5.310401,0.2791729,-39.36752,19.90487,LEFT_ACCELERATE
12.27299,6.762147,-1,6.017643,3.342341,6.688498,0.2791992,-38.83389,20.00441,LEFT_ACCELERATE
13.17791,6.898992,8.395478,5.875743,3.382811,7.908275,0.2792076,-38.09617,20.10051,LEFT_ACCELERATE
13.89364,7.060399,6.853543,5.866829,3.356754,9.059649,0.279196,-37.12268,20.20206,LEFT_ACCELERATE
13.85916,7.029639,7.023288,5.89607,3.338569,10.12933,0.2791788,-36.02285,20.30516,LEFT_ACCELERATE
13.43524,6.860304,8.037107,5.859995,3.409083,11.10793,0.2791707,-34.92769,20.40382,LEFT_ACCELERATE
13.73293,6.831163,7.679898,5.792915,3.465153,11.99455,0.2791748,-33.73317,20.50387,LEFT_ACCELERATE
13.36337,6.632336,8.837599,5.732069,3.573389,12.80114,0.2791695,-32.47804,20.60407,LEFT_ACCELERATE
12.72309,6.313412,10.92944,5.586801,3.785788,13.5575,0.2791648,-31.24951,20.70096,LEFT_ACCELERATE
12.99362,6.106318,10.4911,5.394674,3.983506,14.24938,0.2791679,-29.92505,20.80139,LEFT_ACCELERATE
12.38381,5.743211,11.5811,5.193184,4.276181,14.88364,0.2791649,-28.57275,20.90169,LEFT_ACCELERATE
11.97204,5.330703,12.11945,4.901581,4.652924,15.48999,0.2791626,-27.21413,21.00161,LEFT_ACCELERATE
12.48637,4.986167,11.58885,4.570468,4.981187,16.00926,0.2791653,-25.79035,21.10342,LEFT_ACCELERATE
11.99053,4.580344,12.06188,4.259777,5.372664,16.46497,0.2791635,-24.42423,21.20012,LEFT_ACCELERATE
13.21471,4.265285,11.4181,3.867848,5.68619,16.87165,0.2791646,-22.95243,21.30272,LEFT_ACCELERATE
13.99939,3.987925,11.26645,3.531169,5.957121,17.19207,0.2791657,-21.46679,21.40478,LEFT_ACCELERATE
17.14601,3.840284,10.6875,3.226486,6.13511,17.43747,0.2791665,-20.00917,21.50411,LEFT_ACCELERATE
-1,3.919913,9.805932,3.072536,6.181527,17.54937,0.2791727,-18.55951,21.60185,LEFT_ACCELERATE
-1,4.136259,9.098981,3.050041,6.158401,17.55077,0.2791706,-17.06719,21.7021,LEFT_ACCELERATE
-1,4.186791,8.998648,3.063165,6.142366,17.53884,0.2791643,-15.57518,21.80228,ACCELERATE
-1,4.171936,9.016386,3.05327,6.152367,17.54992,0.2791615,-14.08084,21.90262,ACCELERATE
-1,4.136242,9.056175,3.027944,6.17778,17.57578,0.279161,-12.58687,22.00294,ACCELERATE
-1,4.09167,9.098445,2.992465,6.212944,17.61094,0.27916,-11.06102,22.1054,LEFT_ACCELERATE
-1,4.239008,8.759052,2.988972,6.211071,17.60725,0.2791615,-9.614549,22.20256,LEFT_ACCELERATE
-1,4.850652,7.937362,3.125625,6.110513,17.4705,0.2791717,-8.156478,22.30106,LEFT_ACCELERATE
-1,5.67589,7.24483,3.414862,5.88693,17.20504,0.2791693,-6.684252,22.40156,LEFT_ACCELERATE
-1,6.219929,6.849583,3.713656,5.597176,16.92013,0.2791637,-5.190541,22.50366,ACCELERATE
-1,6.648512,6.535975,3.970737,5.339734,16.66372,0.2791614,-3.751413,22.6018,ACCELERATE
-1,7.070204,6.227161,4.22367,5.086487,16.41087,0.2791606,-2.264742,22.70305,RIGHT_ACCELERATE
-1,7.189013,6.073901,4.426956,4.849518,16.19025,0.2791636,-0.7362263,22.80678,RIGHT_ACCELERATE
-1,6.832016,6.245577,4.51296,4.707,16.09502,0.2791662,0.6842471,22.90245,RIGHT_ACCELERATE
-1,6.774642,6.275574,4.558324,4.652475,16.04528,0.2791636,2.167027,23.00207,RIGHT_ACCELERATE
-1,6.390105,6.622337,4.546127,4.654055,16.05935,0.2791665,3.648047,23.10159,RIGHT_ACCELERATE
-1,5.979072,7.104842,4.440663,4.770988,16.17272,0.2791649,5.173777,23.20434,RIGHT_ACCELERATE
-1,5.82294,7.280168,4.329563,4.882653,16.28303,0.2791614,6.617548,23.30155,ACCELERATE
-1,5.687204,7.430073,4.227726,4.984382,16.38345,0.2791588,8.101141,23.40138,ACCELERATE
-1,5.594194,7.516263,4.133711,5.075615,16.47274,0.2791607,9.613773,23.50311,LEFT_ACCELERATE
-1,5.853015,7.149519,4.111465,5.08875,16.48586,0.2791614,11.1098,23.60364,LEFT_ACCELERATE
-1,6.066897,6.92503,4.170591,5.03297,16.42729,0.279163,12.58324,23.70265,ACCELERATE
-1,6.150895,6.845529,4.22759,4.976018,16.37072,0.2791603,14.03839,23.80042,ACCELERATE
-1,6.230412,6.770355,4.282597,4.920991,16.31694,0.2791607,15.56819,23.90319,ACCELERATE
-1,6.298866,6.705626,4.329891,4.873682,16.26925,0.2791601,17.0267,24.00116,ACCELERATE
-1,6.368154,6.640077,4.377667,4.825897,16.22184,0.2791602,18.55295,24.10367,ACCELERATE
-1,6.433703,6.578075,4.422792,4.780769,16.17701,0.2791603,20.04925,24.20417,ACCELERATE
-1,6.49606,6.519092,4.465679,4.73788,16.13327,0.2791601,21.5452,24.30465,ACCELERATE
-1,6.559203,6.459376,4.509068,4.694492,16.09064,0.2791603,23.02705,24.40417,ACCELERATE
-1,6.620512,6.401386,4.551182,4.65238,16.04875,0.2791601,24.49952,24.50307,ACCELERATE
-1,6.68251,6.342748,4.593757,4.609807,16.00651,0.2791606,25.99515,24.60351,ACCELERATE
-1,6.742621,6.285903,4.635025,4.568543,15.96519,0.27916,27.46535,24.70226,ACCELERATE
-1,6.801479,6.230249,4.675417,4.528153,15.92403,0.2791601,28.93416,24.80091,ACCELERATE
-1,6.862809,6.172254,4.717509,4.486065,15.88212,0.2791603,30.43246,24.90153,ACCELERATE
-1,7.069388,6.001214,4.775021,4.434273,15.82437,0.2791598,31.91794,25.00135,LEFT_ACCELERATE
-1,7.218888,5.821255,4.872224,4.342186,15.72987,0.2791601,33.4172,25.10221,ACCELERATE
19.12877,7.187392,5.774744,4.965155,4.249936,15.63751,0.2791609,34.90906,25.20256,LEFT_ACCELERATE
18.34746,7.281426,5.646898,5.103311,4.132019,15.50803,0.2791603,36.38951,25.30235,LEFT_ACCELERATE
16.98626,7.132197,5.819932,5.226216,3.993804,15.36082,0.27916,37.83924,25.40018,ACCELERATE
15.91315,6.990217,6.082243,5.294311,3.903732,15.18582,0.2791612,39.38014,25.50433,LEFT_ACCELERATE
16.06457,7.168705,5.80969,5.389206,3.816991,14.9057,0.2791722,40.80692,25.60211,LEFT_ACCELERATE
16.23033,7.411164,5.446979,5.559923,3.650054,14.44944,0.2791739,42.26387,25.70476,LEFT_ACCELERATE
15.74591,7.432239,5.450275,5.691687,3.511502,13.94454,0.279171,43.61028,25.80135,LEFT_ACCELERATE
15.9654,7.648286,5.109698,5.847946,3.355605,13.30787,0.2791737,44.94214,25.90061,LEFT_ACCELERATE
15.55778,7.664115,5.089809,6.003947,3.199164,12.5492,0.2791717,46.26848,26.00325,LEFT_ACCELERATE
15.7541,7.815144,4.849988,6.127621,3.071642,11.70651,0.2791761,47.50313,26.10378,LEFT_ACCELERATE
15.72414,7.905264,4.705034,6.275563,2.921273,10.75511,0.2791739,48.64431,26.20362,LEFT_ACCELERATE
15.38717,7.835279,4.837235,6.358292,2.841337,9.776814,0.2791703,49.70639,26.30063,LEFT_ACCELERATE
15.4346,7.85623,4.806579,6.424839,2.774676,8.655252,0.2791722,50.73085,26.40273,LEFT_ACCELERATE
15.47664,7.83247,4.878764,6.459656,2.748671,7.453133,0.2791737,51.67701,26.50556,LEFT_ACCELERATE
15.92332,7.858546,4.819398,6.502941,2.716028,6.199323,0.2791756,52.47647,26.60552,LEFT_ACCELERATE
15.26554,7.601684,5.501001,6.48597,2.772233,4.971302,0.2791668,53.1998,26.70122,ACCELERATE
14.13219,7.165589,7.338751,6.364937,2.993052,3.704342,0.2791631,53.96087,26.80046,LEFT_ACCELERATE
14.16513,6.830048,8.381314,6.126784,3.271857,2.344943,0.2791621,54.69405,26.90423,LEFT_ACCELERATE
13.60341,6.433334,9.672728,5.907815,3.581967,1.05299,0.2791624,55.3149,27.00048,ACCELERATE
12.4912,5.889009,11.42128,5.598416,4.063131,-0.2860037,0.2791618,55.96064,27.10029,LEFT_ACCELERATE
12.68389,5.431918,11.30027,5.160822,4.52507,-1.682202,0.279163,56.5499,27.20211,LEFT_ACCELERATE
12.20654,4.952377,11.84523,4.766361,5.006248,-3.081828,0.279163,57.06883,27.30234,LEFT_ACCELERATE
12.87959,4.578154,11.45579,4.297147,5.380873,-4.514789,0.279164,57.52607,27.4034,LEFT_ACCELERATE
12.82541,4.201111,11.62649,3.866111,5.74297,-5.962696,0.2791634,57.91172,27.50402,ACCELERATE
11.53924,3.779464,12.41129,3.47798,6.130967,-7.368909,0.2791613,58.29568,27.60189,LEFT_ACCELERATE
11.21473,3.377032,12.59559,3.033933,6.496967,-8.84269,0.2791601,58.68275,27.70421,LEFT_ACCELERATE
14.78628,3.246743,11.48284,2.714909,6.637307,-10.26318,0.279173,58.93578,27.80124,LEFT_ACCELERATE
-1,3.531359,9.763644,2.605948,6.602843,-11.76568,0.2791976,58.99212,27.9025,LEFT_ACCELERATE
-1,4.279133,8.432108,2.775075,6.456457,-13.21369,0.2791919,58.82177,28.00067,LEFT_ACCELERATE
-1,5.31802,7.507437,3.137504,6.187915,-14.71175,0.2791788,58.49035,28.10379,LEFT_ACCELERATE
-1,6.052198,7.002326,3.492127,5.862439,-16.11406,0.2791667,58.14854,28.20072,ACCELERATE
-1,6.628546,6.604392,3.826394,5.527564,-17.57853,0.2791625,57.82097,28.30148,ACCELERATE
-1,7.149057,6.221631,4.147846,5.205411,-19.09492,0.2791604,57.50448,28.40549,ACCELERATE
-1,7.490599,5.872912,4.440197,4.912646,-20.50826,0.2791607,57.22238,28.50224,ACCELERATE
-1,7.659256,5.559084,4.734087,4.618497,-22.0055,0.2791599,56.93219,28.60463,ACCELERATE
-1,7.695253,5.368898,4.995049,4.352675,-23.40153,0.2791608,56.66681,28.70003,ACCELERATE
18.77135,7.614732,5.300653,5.234214,4.061561,-24.92165,0.2791598,56.38164,28.80386,ACCELERATE
17.32315,7.440548,5.421314,5.382677,3.849664,-26.3779,0.2791601,56.11028,28.90331,LEFT_ACCELERATE
16.59642,7.414161,5.445969,5.501774,3.716442,-27.81717,0.2791616,55.80102,29.00219,LEFT_ACCELERATE
15.67146,7.292338,5.658117,5.599386,3.599339,-29.23937,0.2791608,55.42018,29.10105,ACCELERATE
14.1591,6.920147,6.717997,5.599989,3.606858,-30.72375,0.2791611,55.02325,29.20421,ACCELERATE
13.00704,6.564517,9.549705,5.517361,3.735484,-32.11239,0.2791597,54.6442,29.30086,LEFT_ACCELERATE
12.63219,6.376101,-1,5.383158,3.879667,-33.56149,0.2791694,54.13792,29.40407,LEFT_ACCELERATE
13.07838,6.439311,9.256944,5.316389,3.916155,-34.83476,0.2791905,53.49766,29.50002,LEFT_ACCELERATE
13.46866,6.533092,8.161565,5.32263,3.892274,-36.06784,0.2791843,52.65052,29.60068,LEFT_ACCELERATE
12.93929,6.391586,10.11993,5.330614,3.908879,-37.24583,0.2791722,51.71091,29.70189,LEFT_ACCELERATE
11.59934,5.968408,-1,5.238396,4.112568,-38.42799,0.2791644,50.76986,29.80335,LEFT_ACCELERATE
10.81047,5.600485,-1,5.040657,4.403728,-39.54215,0.2791616,49.85004,29.90039,LEFT_ACCELERATE
10.78241,5.389614,-1,4.784041,4.625473,-40.60124,0.2791785,48.79424,30.00099,LEFT_ACCELERATE
11.7858,5.427847,15.06317,4.596318,4.696577,-41.50436,0.2792041,47.56454,30.1038,LEFT_ACCELERATE
13.32802,5.630564,9.93405,4.564269,4.660792,-42.15778,0.2791989,46.2667,30.20167,LEFT_ACCELERATE
14.93667,5.777314,8.870074,4.620564,4.597851,-42.68633,0.2791836,44.81596,30.3055,LEFT_ACCELERATE
17.97335,5.959865,8.054653,4.675137,4.524957,-43.07366,0.2791819,43.3988,30.4043,LEFT_ACCELERATE
-1,6.37716,6.944378,4.812074,4.385532,-43.27923,0.2791851,41.97129,30.50136,LEFT_ACCELERATE
-1,6.666238,6.405928,4.994146,4.208591,-43.36176,0.2791783,40.47189,30.60226,LEFT_ACCELERATE
-1,6.669311,6.38233,5.100887,4.103463,-43.42427,0.2791656,39.003,30.70099,ACCELERATE
